time,tavg,tmin,tmax,prcp,snow,wdir,wspd,wpgt,pres,tsun
2020-01-01,26.7,23.6,29.8,,,52.0,7.4,,1012.9,
2020-01-02,26.4,24.3,29.0,,,36.0,6.6,,1012.9,
2020-01-03,26.6,24.2,29.8,,,87.0,6.6,,1012.2,
2020-01-04,26.8,23.8,30.3,,,85.0,7.3,,1010.8,
2020-01-05,27.0,23.8,30.4,,,77.0,6.9,,1010.8,
2020-01-06,26.6,23.7,29.5,,,102.0,6.3,,1011.2,
2020-01-07,26.6,24.2,29.8,,,90.0,5.9,,1010.9,
2020-01-08,26.6,23.6,29.7,,,94.0,5.9,,1010.8,
2020-01-09,26.7,25.0,29.0,,,71.0,6.2,,1010.1,
2020-01-10,27.0,24.5,30.0,,,75.0,6.5,,1008.9,
2020-01-11,26.8,24.7,29.3,,,80.0,6.2,,1008.4,
2020-01-12,26.5,24.7,28.7,,,59.0,5.3,,1008.4,
2020-01-13,27.3,24.5,30.5,,,,5.3,,1008.6,
2020-01-14,27.5,25.0,30.5,,,158.0,5.2,,1009.8,
2020-01-15,27.6,25.0,30.4,,,155.0,5.6,,1011.0,
2020-01-16,27.4,25.4,30.0,,,128.0,5.5,,1010.8,
2020-01-17,27.5,24.8,30.9,,,138.0,5.2,,1011.3,
2020-01-18,27.4,24.0,31.2,,,141.0,5.6,,1011.6,
2020-01-19,27.4,24.0,31.2,,,130.0,5.9,,1012.2,
2020-01-20,27.0,24.5,30.0,,,66.0,6.7,,1013.3,
2020-01-21,26.8,23.9,30.7,,,58.0,7.9,,1014.8,
2020-01-22,26.1,22.7,29.6,,,50.0,7.2,,1014.4,
2020-01-23,26.7,24.0,29.4,,,39.0,6.9,,1012.9,
2020-01-24,27.4,24.7,30.4,,,81.0,6.7,,1011.7,
2020-01-25,27.4,25.2,30.1,,,118.0,5.9,,1011.2,
2020-01-26,27.6,25.1,30.4,,,134.0,5.9,,1010.7,
2020-01-27,27.7,25.2,30.5,,,152.0,5.7,,1010.6,
2020-01-28,27.6,25.0,30.4,,,140.0,5.9,,1011.0,
2020-01-29,27.5,24.9,30.6,,,151.0,5.7,,1011.2,
2020-01-30,27.3,24.5,30.8,,,143.0,5.9,,1010.9,
2020-01-31,26.9,23.7,30.6,,,89.0,5.8,,1011.9,
2020-02-01,26.6,23.5,30.0,,,67.0,6.5,,1013.3,
2020-02-02,26.4,23.9,29.7,,,49.0,7.5,,1013.5,
2020-02-03,26.3,23.4,29.9,,,61.0,7.4,,1013.6,
2020-02-04,26.1,22.4,30.1,,,58.0,6.6,,1012.4,
2020-02-05,26.6,22.9,30.4,,,29.0,5.9,,1010.8,
2020-02-06,26.6,24.8,28.9,,,54.0,5.5,,1010.4,
2020-02-07,27.0,24.9,29.7,,,92.0,5.9,,1011.1,
2020-02-08,27.1,24.9,30.0,,,99.0,6.2,,1011.9,
2020-02-09,26.9,23.1,30.9,,,83.0,6.9,,1012.6,
2020-02-10,26.7,24.4,29.4,,,38.0,7.2,,1013.1,
2020-02-11,26.6,23.9,30.1,,,46.0,8.2,,1014.4,
2020-02-12,26.5,23.2,30.1,,,70.0,7.2,,1014.5,
2020-02-13,26.4,24.0,29.1,,,60.0,6.3,,1013.7,
2020-02-14,27.1,24.3,30.0,,,62.0,6.7,,1012.5,
2020-02-15,27.3,24.3,30.8,,,90.0,7.0,,1012.5,
2020-02-16,27.1,23.9,30.5,,,101.0,6.5,,1012.7,
2020-02-17,26.9,24.4,30.0,,,50.0,6.1,,1012.6,
2020-02-18,26.8,24.1,30.1,,,78.0,6.5,,1013.0,
2020-02-19,26.6,23.6,30.1,,,83.0,6.7,,1012.9,
2020-02-20,26.7,23.6,30.4,,,71.0,7.3,,1013.2,
2020-02-21,26.6,23.1,30.3,,,72.0,7.4,,1014.0,
2020-02-22,26.6,23.2,30.4,,,82.0,6.9,,1014.7,
2020-02-23,26.9,23.3,30.8,,,80.0,7.9,,1013.8,
2020-02-24,27.3,24.0,30.9,,,79.0,7.7,,1012.6,
2020-02-25,27.3,24.8,30.1,,,78.0,7.1,,1011.8,
2020-02-26,27.4,24.4,30.9,,,90.0,6.9,,1011.4,
2020-02-27,27.3,24.2,30.6,,,80.0,6.6,,1011.1,
2020-02-28,27.3,24.9,30.1,,,83.0,6.8,,1010.7,
2020-02-29,27.0,25.3,29.5,,,64.0,6.5,,1010.6,
2020-03-01,27.1,24.2,30.6,,,74.0,6.5,,1010.9,
2020-03-02,27.5,24.9,30.8,,,93.0,6.6,,1011.0,
2020-03-03,27.4,24.2,31.1,,,102.0,7.1,,1011.3,
2020-03-04,27.7,24.3,31.3,,,83.0,6.7,,1010.8,
2020-03-05,27.3,25.5,29.4,,,44.0,5.1,,1010.2,
2020-03-06,26.8,25.6,28.4,,,55.0,4.9,,1010.6,
2020-03-07,27.3,25.3,29.7,,,133.0,5.2,,1011.5,
2020-03-08,27.6,25.2,30.7,,,150.0,5.3,,1011.2,
2020-03-09,27.7,24.6,31.5,,,140.0,6.1,,1010.7,
2020-03-10,27.5,23.9,31.6,,,117.0,5.8,,1011.3,
2020-03-11,27.4,23.5,31.6,,,111.0,6.5,,1012.8,
2020-03-12,27.6,24.1,31.5,,,93.0,7.8,,1013.1,
2020-03-13,27.5,23.9,31.5,,,93.0,7.3,,1013.5,
2020-03-14,27.4,23.8,31.3,,,107.0,5.9,,1012.0,
2020-03-15,27.4,24.0,31.3,,,106.0,6.1,,1012.0,
2020-03-16,27.4,23.8,31.6,,,101.0,6.8,,1012.6,
2020-03-17,27.5,24.1,31.3,,,92.0,6.9,,1013.1,
2020-03-18,27.4,24.7,30.6,,,96.0,7.1,,1012.5,
2020-03-19,27.7,24.5,31.2,,,123.0,6.3,,1012.1,
2020-03-20,27.9,24.4,31.7,,,100.0,6.5,,1012.1,
2020-03-21,28.0,25.0,31.1,,,104.0,6.2,,1012.3,
2020-03-22,27.8,25.4,30.5,,,109.0,5.9,,1011.9,
2020-03-23,27.8,24.8,31.0,,,118.0,5.9,,1011.2,
2020-03-24,27.1,24.7,29.8,,,98.0,5.4,,1010.7,
2020-03-25,27.3,24.3,30.9,,,105.0,6.5,,1010.3,
2020-03-26,27.3,24.7,29.9,,,81.0,6.8,,1010.7,
2020-03-27,27.8,25.1,30.8,,,93.0,6.4,,1010.9,
2020-03-28,28.1,25.6,31.3,,,111.0,6.4,,1010.4,
2020-03-29,28.0,24.9,31.5,,,113.0,6.0,,1010.3,
2020-03-30,28.1,25.2,31.4,,,110.0,6.1,,1010.2,
2020-03-31,28.3,24.9,32.1,,,108.0,6.6,,1011.0,
2020-04-01,28.2,24.0,32.3,,,118.0,6.9,,1011.2,
2020-04-02,28.5,25.1,32.5,,,105.0,6.9,,1011.6,
2020-04-03,28.1,24.9,31.5,,,92.0,7.2,,1011.7,
2020-04-04,28.4,24.9,32.1,,,119.0,6.9,,1011.7,
2020-04-05,28.2,24.3,32.1,,,122.0,6.9,,1011.6,
2020-04-06,28.2,24.6,32.1,,,105.0,6.6,,1011.2,
2020-04-07,28.2,24.4,32.4,,,133.0,6.2,,1010.4,
2020-04-08,28.3,24.5,32.3,,,118.0,6.5,,1010.7,
2020-04-09,27.9,25.2,30.6,,,114.0,5.8,,1012.2,
2020-04-10,28.3,25.2,31.9,,,113.0,6.9,,1012.8,
2020-04-11,28.1,24.2,32.1,,,104.0,6.6,,1011.9,
2020-04-12,28.0,24.0,32.3,,,145.0,6.2,,1010.9,
2020-04-13,28.1,24.2,32.1,,,152.0,6.6,,1010.8,
2020-04-14,28.2,24.5,32.1,,,140.0,6.6,,1011.8,
2020-04-15,28.5,25.0,32.1,,,140.0,6.7,,1012.2,
2020-04-16,28.9,25.4,32.5,,,152.0,6.8,,1011.6,
2020-04-17,29.0,25.8,32.3,,,139.0,6.8,,1011.9,
2020-04-18,28.9,25.7,32.1,,,118.0,6.9,,1011.9,
2020-04-19,28.4,26.2,30.5,,,88.0,6.2,,1011.4,
2020-04-20,28.4,26.2,30.5,,,81.0,6.2,,1011.2,
2020-04-21,28.9,26.1,32.1,,,120.0,5.9,,1010.8,
2020-04-22,29.0,25.5,32.5,,,123.0,6.6,,1010.4,
2020-04-23,28.7,25.8,31.5,,,116.0,5.9,,1010.6,
2020-04-24,29.1,26.1,32.3,,,119.0,6.0,,1009.8,
2020-04-25,29.2,26.5,32.2,,,107.0,6.8,,1009.8,
2020-04-26,28.7,25.7,31.9,,,116.0,6.5,,1010.3,
2020-04-27,28.7,25.8,31.7,,,103.0,6.2,,1010.5,
2020-04-28,28.5,25.0,32.0,,,88.0,5.9,,1010.3,
2020-04-29,28.5,25.7,31.2,,,131.0,5.9,,1010.3,
2020-04-30,27.7,25.9,30.0,,,80.0,5.9,,1010.7,
2020-05-01,28.1,25.4,30.6,,,123.0,5.9,,1009.8,
2020-05-02,27.9,25.2,30.8,,,55.0,5.4,,1008.7,
2020-05-03,27.9,25.7,30.0,,,86.0,5.2,,1009.1,
2020-05-04,28.5,26.2,30.8,,,154.0,5.8,,1010.0,
2020-05-05,29.1,26.5,32.0,,,163.0,6.2,,1010.3,
2020-05-06,29.3,26.5,32.4,,,162.0,6.0,,1010.2,
2020-05-07,29.6,26.7,32.6,,,158.0,6.1,,1009.8,
2020-05-08,29.7,26.7,33.0,,,142.0,6.2,,1009.3,
2020-05-09,29.6,26.7,32.6,,,136.0,5.9,,1009.2,
2020-05-10,29.1,26.8,31.5,,,127.0,5.8,,1009.6,
2020-05-11,29.1,26.6,31.8,,,133.0,6.2,,1009.2,
2020-05-12,29.0,26.7,31.4,,,165.0,5.7,,1009.6,
2020-05-13,29.0,26.4,31.5,,,161.0,5.7,,1009.8,
2020-05-14,29.2,26.6,31.8,,,164.0,5.9,,1008.7,
2020-05-15,29.2,26.9,31.7,,,168.0,6.4,,1008.1,
2020-05-16,29.0,26.7,31.4,,,142.0,5.5,,1008.4,
2020-05-17,29.2,26.6,31.6,,,131.0,5.5,,1007.4,
2020-05-18,29.2,26.7,31.6,,,138.0,5.5,,1007.8,
2020-05-19,29.4,26.7,32.1,,,147.0,5.9,,1008.8,
2020-05-20,29.2,26.7,31.9,,,145.0,5.8,,1009.4,
2020-05-21,29.2,26.6,31.8,,,139.0,6.0,,1009.4,
2020-05-22,28.7,26.6,30.8,,,139.0,6.2,,1009.8,
2020-05-23,28.8,26.4,31.4,,,148.0,6.6,,1011.3,
2020-05-24,29.1,26.2,31.7,,,130.0,6.7,,1012.0,
2020-05-25,29.1,26.1,31.9,,,123.0,6.6,,1012.5,
2020-05-26,28.6,26.2,30.9,,,114.0,6.0,,1012.1,
2020-05-27,28.6,26.1,30.9,,,130.0,6.2,,1011.5,
2020-05-28,28.1,26.0,30.3,,,113.0,6.1,,1012.1,
2020-05-29,28.1,25.8,30.2,,,118.0,6.2,,1012.4,
2020-05-30,28.2,25.6,30.5,,,111.0,6.3,,1012.8,
2020-05-31,28.1,25.7,30.3,,,105.0,5.9,,1012.4,
2020-06-01,27.8,25.5,30.2,,,103.0,5.7,,1011.3,
2020-06-02,27.8,25.2,30.1,,,108.0,5.8,,1011.4,
2020-06-03,28.2,25.3,30.7,,,119.0,5.9,,1011.4,
2020-06-04,28.3,25.4,30.8,,,119.0,6.2,,1011.0,
2020-06-05,28.4,25.4,31.0,,,111.0,6.2,,1010.1,
2020-06-06,28.3,25.6,30.6,,,119.0,5.9,,1009.5,
2020-06-07,27.5,25.6,29.4,,,134.0,5.6,,1009.2,
2020-06-08,27.5,25.1,29.3,,,105.0,5.8,,1009.2,
2020-06-09,27.5,25.3,29.4,,,175.0,6.0,,1009.5,
2020-06-10,27.5,25.7,29.1,,,203.0,7.3,,1009.6,
2020-06-11,27.7,25.5,29.8,,,194.0,6.8,,1009.0,
2020-06-12,27.7,25.3,29.8,,,164.0,6.3,,1009.1,
2020-06-13,27.8,25.3,30.1,,,103.0,5.6,,1009.3,
2020-06-14,27.3,25.2,29.4,,,83.0,6.1,,1010.9,
2020-06-15,26.9,25.0,28.9,,,47.0,6.3,,1011.3,
2020-06-16,27.0,24.7,29.0,,,75.0,6.0,,1010.1,
2020-06-17,27.4,25.1,29.3,,,127.0,6.5,,1009.5,
2020-06-18,27.2,25.4,29.0,,,157.0,6.4,,1010.2,
2020-06-19,27.5,25.6,29.4,,,142.0,6.3,,1010.7,
2020-06-20,27.6,25.1,29.6,,,73.0,6.0,,1010.4,
2020-06-21,27.4,25.4,29.1,,,69.0,5.6,,1008.7,
2020-06-22,27.6,24.9,29.6,,,100.0,6.0,,1008.5,
2020-06-23,27.6,25.0,29.7,,,77.0,6.5,,1009.3,
2020-06-24,27.6,25.1,29.3,,,96.0,6.3,,1009.4,
2020-06-25,27.1,25.4,28.9,,,111.0,6.0,,1009.1,
2020-06-26,26.8,25.3,28.3,,,119.0,5.9,,1009.6,
2020-06-27,26.6,25.0,28.0,,,125.0,5.6,,1010.1,
2020-06-28,26.6,24.9,28.3,,,136.0,5.6,,1010.6,
2020-06-29,26.3,24.6,27.8,,,118.0,5.3,,1011.3,
2020-06-30,27.0,24.1,29.3,,,95.0,5.2,,1010.5,
2020-07-01,27.1,24.6,29.4,,,92.0,5.5,,1009.5,
2020-07-02,27.0,24.7,28.9,,,91.0,5.7,,1009.1,
2020-07-03,26.7,24.7,28.4,,,131.0,6.2,,1010.4,
2020-07-04,26.7,24.7,28.7,,,121.0,5.9,,1011.0,
2020-07-05,27.0,24.6,29.0,,,89.0,5.1,,1010.4,
2020-07-06,27.3,24.2,29.6,,,63.0,5.6,,1009.8,
2020-07-07,27.3,24.6,29.3,,,63.0,6.0,,1010.0,
2020-07-08,27.3,24.8,29.3,,,114.0,5.6,,1008.9,
2020-07-09,27.6,25.0,29.8,,,112.0,5.4,,1008.3,
2020-07-10,27.4,25.3,29.1,,,101.0,5.7,,1008.9,
2020-07-11,26.9,25.0,28.6,,,81.0,5.6,,1009.8,
2020-07-12,27.2,24.7,29.2,,,110.0,5.9,,1009.7,
2020-07-13,27.5,24.9,30.0,,,112.0,5.5,,1009.5,
2020-07-14,27.4,24.9,29.5,,,87.0,5.6,,1009.7,
2020-07-15,27.1,24.9,28.9,,,84.0,5.7,,1009.0,
2020-07-16,27.1,24.7,28.9,,,98.0,5.5,,1009.4,
2020-07-17,27.4,24.9,29.7,,,72.0,5.9,,1009.7,
2020-07-18,27.1,24.7,29.4,,,69.0,5.8,,1009.1,
2020-07-19,27.1,24.9,29.1,,,106.0,6.2,,1008.7,
2020-07-20,27.2,24.6,29.2,,,77.0,6.2,,1009.4,
2020-07-21,27.1,25.0,28.6,,,83.0,5.9,,1009.4,
2020-07-22,27.4,24.9,29.3,,,94.0,5.6,,1009.0,
2020-07-23,27.2,25.0,29.0,,,95.0,5.7,,1008.8,
2020-07-24,26.8,24.9,28.4,,,105.0,5.6,,1009.1,
2020-07-25,26.9,24.8,28.7,,,113.0,5.8,,1009.5,
2020-07-26,27.1,24.9,29.0,,,141.0,5.9,,1009.3,
2020-07-27,26.9,25.1,28.5,,,176.0,5.9,,1008.7,
2020-07-28,27.1,25.2,29.0,,,199.0,5.9,,1008.4,
2020-07-29,27.4,25.2,29.3,,,213.0,7.7,,1007.7,
2020-07-30,27.6,26.0,29.4,,,200.0,7.6,,1008.3,
2020-07-31,27.3,26.0,28.7,,,177.0,6.9,,1009.0,
2020-08-01,26.7,25.3,27.9,,,160.0,6.0,,1010.0,
2020-08-02,26.7,24.7,28.2,,,86.0,5.5,,1010.0,
2020-08-03,26.8,24.7,28.5,,,86.0,5.1,,1008.6,
2020-08-04,26.7,25.1,27.9,,,132.0,5.7,,1007.5,
2020-08-05,27.0,25.2,28.5,,,176.0,6.4,,1008.2,
2020-08-06,27.3,25.5,29.1,,,196.0,7.2,,1009.1,
2020-08-07,27.6,25.5,29.4,,,201.0,7.6,,1009.2,
2020-08-08,28.3,26.3,30.9,,,188.0,7.9,,1009.1,
2020-08-09,28.4,26.4,30.5,,,166.0,7.6,,1010.5,
2020-08-10,28.1,25.8,30.4,,,142.0,6.2,,1011.8,
2020-08-11,27.8,25.1,30.0,,,107.0,5.9,,1011.5,
2020-08-12,26.7,25.1,28.4,,,105.0,6.0,,1012.0,
2020-08-13,26.5,24.6,28.1,,,218.0,6.4,,1011.0,
2020-08-14,27.2,24.5,29.7,,,159.0,5.9,,1010.2,
2020-08-15,27.8,25.0,30.4,,,160.0,5.5,,1009.5,
2020-08-16,27.8,25.3,30.0,,,176.0,5.7,,1009.4,
2020-08-17,27.2,25.5,28.8,,,,5.2,,1009.1,
2020-08-18,26.9,25.1,28.4,,,219.0,5.5,,1008.6,
2020-08-19,27.0,25.1,28.8,,,220.0,6.7,,1008.1,
2020-08-20,27.4,25.1,29.5,,,200.0,6.8,,1009.7,
2020-08-21,27.9,25.2,30.1,,,139.0,6.0,,1011.4,
2020-08-22,27.8,25.4,30.1,,,141.0,5.9,,1011.3,
2020-08-23,27.6,24.9,30.0,,,107.0,5.8,,1011.2,
2020-08-24,28.0,24.8,30.6,,,116.0,5.5,,1010.9,
2020-08-25,28.7,25.3,31.2,,,137.0,6.2,,1010.3,
2020-08-26,28.4,25.7,30.7,,,178.0,5.8,,1009.6,
2020-08-27,27.7,25.5,29.4,,,184.0,5.8,,1009.0,
2020-08-28,27.8,25.0,30.0,,,191.0,5.9,,1008.4,
2020-08-29,28.2,25.4,30.5,,,219.0,6.8,,1007.8,
2020-08-30,28.3,26.1,30.7,,,209.0,7.8,,1008.0,
2020-08-31,28.3,25.5,30.7,,,176.0,6.1,,1008.6,
2020-09-01,28.0,25.4,30.3,,,161.0,6.5,,1008.8,
2020-09-02,27.7,25.4,29.7,,,112.0,5.8,,1009.9,
2020-09-03,28.0,25.3,30.3,,,117.0,6.1,,1010.4,
2020-09-04,28.1,25.5,30.3,,,129.0,6.0,,1009.5,
2020-09-05,28.1,25.4,30.3,,,186.0,6.3,,1007.9,
2020-09-06,28.2,25.5,30.3,,,170.0,6.1,,1007.9,
2020-09-07,27.6,25.5,29.3,,,156.0,6.0,,1009.4,
2020-09-08,27.3,25.0,29.2,,,127.0,6.0,,1010.9,
2020-09-09,27.3,24.9,29.3,,,129.0,5.5,,1009.7,
2020-09-10,27.4,25.1,29.4,,,174.0,5.3,,1007.8,
2020-09-11,27.7,25.3,29.6,,,166.0,5.6,,1008.6,
2020-09-12,27.6,25.3,29.9,,,182.0,5.6,,1010.1,
2020-09-13,27.6,25.0,30.0,,,166.0,5.9,,1009.7,
2020-09-14,26.7,25.3,28.2,,,189.0,6.0,,1008.4,
2020-09-15,26.6,25.4,27.8,,,207.0,8.4,,1008.3,
2020-09-16,26.5,25.5,27.7,,,193.0,7.7,,1009.4,
2020-09-17,26.4,25.0,27.8,,,176.0,6.7,,1010.5,
2020-09-18,26.7,24.2,28.8,,,156.0,5.6,,1011.4,
2020-09-19,27.7,24.5,30.4,,,151.0,5.2,,1010.5,
2020-09-20,27.9,25.2,30.1,,,189.0,5.5,,1009.2,
2020-09-21,27.7,25.6,29.7,,,199.0,6.2,,1008.8,
2020-09-22,27.8,25.5,29.9,,,210.0,6.5,,1008.8,
2020-09-23,27.7,25.3,29.9,,,213.0,6.6,,1009.7,
2020-09-24,27.6,25.9,29.4,,,218.0,6.8,,1010.4,
2020-09-25,28.0,25.5,30.3,,,211.0,6.9,,1009.4,
2020-09-26,27.7,25.7,30.1,,,184.0,6.5,,1009.5,
2020-09-27,27.2,25.1,30.1,,,177.0,5.6,,1009.9,
2020-09-28,27.0,24.8,29.8,,,219.0,5.7,,1010.0,
2020-09-29,26.6,25.2,28.5,,,237.0,4.9,,1009.6,
2020-09-30,27.3,24.6,29.9,,,194.0,5.2,,1007.7,
2020-10-01,27.6,25.3,30.2,,,201.0,6.2,,1007.3,
2020-10-02,27.5,25.4,29.5,,,224.0,5.5,,1008.5,
2020-10-03,27.5,25.2,29.6,,,222.0,5.9,,1008.5,
2020-10-04,27.6,25.5,30.2,,,219.0,6.9,,1007.9,
2020-10-05,27.4,25.8,29.6,,,226.0,8.2,,1007.2,
2020-10-06,27.0,25.7,28.8,,,232.0,7.1,,1008.0,
2020-10-07,26.5,25.5,27.8,,,226.0,7.3,,1008.1,
2020-10-08,26.7,25.4,28.5,,,206.0,6.8,,1008.3,
2020-10-09,27.1,25.2,29.3,,,204.0,6.2,,1008.5,
2020-10-10,27.2,25.3,29.7,,,194.0,6.5,,1008.0,
2020-10-11,26.9,25.5,28.8,,,223.0,5.9,,1007.8,
2020-10-12,27.0,24.9,29.2,,,222.0,5.7,,1007.5,
2020-10-13,26.6,25.4,28.3,,,225.0,5.6,,1008.0,
2020-10-14,26.5,25.4,28.3,,,219.0,7.5,,1008.7,
2020-10-15,26.6,25.2,29.3,,,223.0,5.9,,1008.7,
2020-10-16,26.3,24.7,28.5,,,227.0,5.2,,1008.4,
2020-10-17,26.1,24.2,28.1,,,281.0,5.5,,1008.2,
2020-10-18,26.3,24.8,28.3,,,274.0,5.3,,1008.0,
2020-10-19,26.5,25.0,28.5,,,220.0,6.1,,1006.8,
2020-10-20,26.6,25.5,27.9,,,217.0,8.2,,1006.8,
2020-10-21,27.5,25.9,29.5,,,210.0,8.6,,1007.7,
2020-10-22,27.6,25.5,29.4,,,210.0,6.9,,1008.4,
2020-10-23,27.5,25.5,29.7,,,227.0,6.2,,1008.8,
2020-10-24,26.6,25.5,28.1,,,232.0,6.1,,1009.6,
2020-10-25,26.2,25.4,26.8,,,226.0,9.6,,1008.5,
2020-10-26,26.7,25.4,28.1,,,216.0,9.4,,1007.5,
2020-10-27,26.8,25.0,28.8,,,201.0,6.3,,1008.9,
2020-10-28,27.0,24.8,29.6,,,246.0,5.2,,1011.0,
2020-10-29,27.0,24.4,29.8,,,284.0,5.6,,1010.8,
2020-10-30,26.6,24.9,28.7,,,275.0,5.8,,1008.8,
2020-10-31,26.7,24.7,28.9,,,232.0,5.9,,1007.5,
2020-11-01,27.0,25.5,28.8,,,222.0,9.2,,1007.1,
2020-11-02,27.2,25.6,28.9,,,218.0,8.6,,1010.2,
2020-11-03,27.6,25.1,30.1,,,207.0,6.8,,1011.3,
2020-11-04,27.4,25.0,30.1,,,216.0,5.5,,1011.2,
2020-11-05,26.8,24.9,29.2,,,252.0,5.3,,1011.4,
2020-11-06,26.4,24.7,28.5,,,297.0,5.2,,1011.1,
2020-11-07,26.2,24.8,28.0,,,239.0,5.2,,1009.3,
2020-11-08,26.8,24.8,29.2,,,206.0,5.7,,1008.3,
2020-11-09,27.0,24.7,29.4,,,212.0,5.5,,1008.5,
2020-11-10,26.8,25.0,28.6,,,219.0,6.7,,1009.7,
2020-11-11,27.3,25.4,29.2,,,210.0,7.4,,1010.2,
2020-11-12,27.5,25.3,29.8,,,195.0,5.5,,1010.6,
2020-11-13,27.8,25.0,30.7,,,178.0,5.1,,1010.0,
2020-11-14,27.8,25.1,30.6,,,216.0,5.9,,1009.8,
2020-11-15,27.6,25.4,30.1,,,158.0,5.6,,1010.2,
2020-11-16,27.5,24.9,30.1,,,149.0,5.6,,1010.1,
2020-11-17,27.4,25.0,29.8,,,165.0,4.8,,1009.4,
2020-11-18,27.5,24.9,30.2,,,171.0,5.1,,1008.9,
2020-11-19,27.7,25.1,30.4,,,176.0,5.4,,1008.7,
2020-11-20,27.9,25.0,30.9,,,190.0,4.8,,1008.6,
2020-11-21,27.6,25.0,30.3,,,157.0,4.7,,1008.8,
2020-11-22,27.4,25.2,29.9,,,123.0,5.3,,1009.3,
2020-11-23,27.3,25.0,30.0,,,110.0,5.5,,1009.5,
2020-11-24,27.2,24.8,29.8,,,115.0,5.3,,1009.0,
2020-11-25,27.5,24.6,30.8,,,134.0,5.2,,1008.6,
2020-11-26,27.4,24.7,30.1,,,182.0,5.5,,1008.7,
2020-11-27,27.2,25.1,29.3,,,175.0,4.9,,1009.1,
2020-11-28,27.5,25.0,30.2,,,140.0,5.5,,1009.1,
2020-11-29,27.7,24.8,30.8,,,159.0,5.6,,1009.0,
2020-11-30,27.7,24.6,30.9,,,198.0,5.9,,1009.0,
2020-12-01,27.8,25.2,30.6,,,209.0,5.9,,1008.7,
2020-12-02,27.8,25.3,30.6,,,200.0,5.5,,1007.8,
2020-12-03,27.9,25.3,30.7,,,189.0,5.2,,1007.5,
2020-12-04,27.8,25.4,30.4,,,184.0,5.8,,1007.8,
2020-12-05,27.7,25.1,30.6,,,166.0,5.3,,1008.9,
2020-12-06,27.4,25.2,29.8,,,170.0,5.1,,1009.2,
2020-12-07,27.5,25.2,30.0,,,169.0,5.5,,1009.8,
2020-12-08,27.5,25.2,30.3,,,159.0,5.2,,1010.8,
2020-12-09,27.5,24.8,30.5,,,154.0,5.3,,1010.0,
2020-12-10,27.8,24.8,31.2,,,155.0,5.1,,1010.0,
2020-12-11,27.8,24.8,31.1,,,148.0,5.3,,1010.1,
2020-12-12,27.7,25.0,30.7,,,161.0,5.0,,1009.6,
2020-12-13,27.8,25.2,30.9,,,174.0,5.3,,1009.2,
2020-12-14,27.3,25.1,29.7,,,152.0,5.2,,1009.6,
2020-12-15,27.2,24.9,29.8,,,123.0,5.2,,1009.9,
2020-12-16,27.0,24.5,29.6,,,81.0,5.6,,1009.7,
2020-12-17,26.3,24.6,28.1,,,46.0,5.8,,1008.5,
2020-12-18,25.6,24.4,27.2,,,1.0,6.8,,1006.6,
2020-12-19,27.1,24.6,30.0,,,165.0,6.4,,1006.9,
2020-12-20,27.5,25.1,30.4,,,171.0,6.0,,1008.9,
2020-12-21,27.4,24.8,30.3,,,152.0,5.5,,1009.1,
2020-12-22,27.4,24.3,30.7,,,143.0,5.7,,1009.4,
2020-12-23,27.5,24.8,30.4,,,132.0,5.4,,1009.6,
2020-12-24,27.7,24.7,30.7,,,140.0,5.5,,1008.8,
2020-12-25,26.4,25.0,28.2,,,96.0,5.2,,1008.5,
2020-12-26,26.7,24.9,28.7,,,181.0,5.5,,1008.4,
2020-12-27,27.3,24.8,30.4,,,175.0,6.0,,1008.8,
2020-12-28,27.2,25.0,29.8,,,154.0,5.5,,1009.1,
2020-12-29,27.1,24.8,29.8,,,170.0,5.5,,1008.6,
2020-12-30,27.1,24.7,29.9,,,168.0,5.3,,1008.6,
2020-12-31,26.8,25.1,28.8,,,120.0,5.1,,1008.7,
2021-01-01,26.4,24.7,28.5,,,102.0,5.3,,1009.7,
2021-01-02,26.5,24.6,28.8,,,68.0,5.6,,1009.5,
2021-01-03,26.8,24.8,29.4,,,107.0,5.5,,1009.5,
2021-01-04,26.2,23.9,28.5,,,60.0,5.3,,1009.7,
2021-01-05,26.8,24.3,29.5,,,97.0,6.0,,1009.4,
2021-01-06,26.7,24.6,29.1,,,78.0,5.8,,1009.1,
2021-01-07,26.3,24.6,28.2,,,91.0,5.2,,1008.4,
2021-01-08,26.8,24.4,29.7,,,165.0,5.2,,1008.1,
2021-01-09,27.1,24.8,29.9,,,169.0,5.2,,1008.5,
2021-01-10,27.0,25.0,29.3,,,113.0,5.5,,1008.7,
2021-01-11,26.2,24.6,28.1,,,55.0,5.3,,1008.7,
2021-01-12,26.1,24.7,28.1,,,7.0,5.2,,1008.8,
2021-01-13,26.7,24.6,29.3,,,77.0,5.9,,1008.7,
2021-01-14,26.9,24.9,29.2,,,184.0,5.4,,1008.6,
2021-01-15,27.0,25.1,29.4,,,170.0,5.1,,1008.0,
2021-01-16,26.8,24.9,29.0,,,186.0,5.4,,1007.3,
2021-01-17,26.2,25.0,27.8,,,161.0,5.5,,1007.4,
2021-01-18,25.5,24.7,26.6,,,34.0,5.0,,1007.4,
2021-01-19,26.7,24.5,29.5,,,175.0,5.7,,1007.7,
2021-01-20,27.2,25.0,29.7,,,176.0,6.0,,1009.3,
2021-01-21,27.1,24.9,29.7,,,174.0,5.8,,1010.0,
2021-01-22,26.9,24.7,29.4,,,166.0,5.4,,1010.4,
2021-01-23,27.1,24.4,30.3,,,170.0,5.4,,1010.4,
2021-01-24,27.1,24.4,30.3,,,160.0,5.5,,1010.8,
2021-01-25,27.0,24.4,30.1,,,103.0,6.1,,1010.3,
2021-01-26,26.9,24.1,30.0,,,44.0,5.7,,1009.3,
2021-01-27,27.1,24.4,30.7,,,109.0,6.4,,1008.8,
2021-01-28,26.6,23.3,29.8,,,33.0,6.1,,1009.7,
2021-01-29,26.6,24.4,29.3,,,57.0,6.6,,1010.0,
2021-01-30,26.1,23.6,28.8,,,48.0,7.2,,1010.5,
2021-01-31,26.3,23.5,29.3,,,48.0,7.2,,1011.3,
2021-02-01,26.4,24.5,28.8,,,27.0,6.3,,1011.0,
2021-02-02,26.7,24.7,29.2,,,54.0,5.7,,1010.8,
2021-02-03,26.6,24.3,29.3,,,75.0,6.4,,1010.8,
2021-02-04,26.6,24.3,29.0,,,88.0,5.9,,1010.7,
2021-02-05,26.9,24.3,29.7,,,102.0,5.8,,1010.3,
2021-02-06,27.1,24.0,30.6,,,80.0,6.3,,1010.2,
2021-02-07,26.5,24.5,28.7,,,42.0,5.6,,1009.2,
2021-02-08,26.0,24.7,27.7,,,320.0,5.6,,1008.9,
2021-02-09,26.8,24.5,29.5,,,184.0,5.6,,1008.8,
2021-02-10,27.1,24.8,29.7,,,166.0,5.6,,1009.4,
2021-02-11,27.4,24.9,30.3,,,169.0,5.9,,1009.8,
2021-02-12,27.4,24.9,30.3,,,179.0,5.9,,1010.0,
2021-02-13,27.3,24.8,30.0,,,181.0,5.2,,1010.4,
2021-02-14,27.0,24.9,29.5,,,184.0,5.5,,1010.5,
2021-02-15,26.9,24.8,29.6,,,179.0,4.8,,1010.4,
2021-02-16,26.7,24.5,29.6,,,139.0,5.6,,1010.3,
2021-02-17,26.8,24.3,29.8,,,13.0,6.0,,1010.1,
2021-02-18,26.0,23.7,28.4,,,9.0,6.9,,1010.7,
2021-02-19,25.3,23.4,27.4,,,18.0,8.2,,1010.9,
2021-02-20,24.6,23.1,25.9,,,355.0,9.2,,1010.7,
2021-02-21,25.5,23.5,27.7,,,298.0,7.0,,1009.0,
2021-02-22,27.2,24.4,30.3,,,184.0,5.4,,1008.6,
2021-02-23,27.5,24.8,30.4,,,168.0,4.9,,1009.1,
2021-02-24,27.5,24.6,30.7,,,148.0,5.2,,1008.5,
2021-02-25,27.3,23.9,31.0,,,163.0,5.3,,1008.3,
2021-02-26,27.5,24.4,30.6,,,156.0,4.9,,1008.3,
2021-02-27,27.6,24.8,30.6,,,152.0,5.0,,1009.4,
2021-02-28,27.3,24.9,29.9,,,124.0,5.2,,1010.5,
2021-03-01,27.7,24.7,31.0,,,127.0,5.3,,1011.7,
2021-03-02,27.6,24.7,30.8,,,119.0,5.5,,1012.1,
2021-03-03,27.5,24.0,31.4,,,115.0,6.2,,1012.3,
2021-03-04,27.3,23.2,31.5,,,103.0,6.3,,1012.7,
2021-03-05,27.4,23.5,31.1,,,100.0,6.2,,1012.7,
2021-03-06,27.4,24.2,31.1,,,94.0,5.7,,1012.6,
2021-03-07,27.1,23.1,31.0,,,106.0,6.0,,1012.1,
2021-03-08,27.2,23.9,30.5,,,86.0,5.7,,1011.9,
2021-03-09,26.9,24.2,29.6,,,84.0,5.6,,1011.8,
2021-03-10,26.3,24.4,28.7,,,48.0,5.5,,1011.5,
2021-03-11,25.9,24.3,27.8,,,75.0,5.2,,1011.1,
2021-03-12,26.1,24.2,28.0,,,118.0,4.8,,1010.7,
2021-03-13,26.8,24.3,29.6,,,139.0,5.1,,1010.6,
2021-03-14,27.4,24.5,30.7,,,155.0,4.9,,1010.0,
2021-03-15,27.9,24.8,31.1,,,153.0,5.2,,1010.1,
2021-03-16,27.8,25.1,30.8,,,146.0,5.2,,1010.5,
2021-03-17,27.3,24.5,30.0,,,97.0,4.9,,1010.2,
2021-03-18,27.5,24.1,31.0,,,91.0,5.8,,1009.0,
2021-03-19,27.4,23.7,31.0,,,110.0,5.7,,1008.3,
2021-03-20,27.3,24.2,30.1,,,89.0,5.5,,1007.3,
2021-03-21,27.0,24.4,29.5,,,77.0,5.1,,1007.8,
2021-03-22,27.5,24.2,30.9,,,71.0,6.3,,1009.6,
2021-03-23,27.2,23.7,30.4,,,70.0,7.8,,1010.3,
2021-03-24,26.8,24.2,29.1,,,59.0,6.4,,1009.6,
2021-03-25,27.2,24.1,30.1,,,72.0,6.7,,1009.2,
2021-03-26,27.6,24.2,31.3,,,85.0,6.4,,1008.8,
2021-03-27,27.0,24.1,29.6,,,64.0,6.2,,1008.7,
2021-03-28,27.5,24.5,30.5,,,80.0,5.9,,1008.0,
2021-03-29,27.6,24.5,31.1,,,70.0,6.3,,1007.2,
2021-03-30,26.9,24.8,29.7,,,47.0,5.8,,1006.3,
2021-03-31,26.7,24.9,28.4,,,43.0,5.5,,1006.1,
2021-04-01,26.9,24.9,29.2,,,60.0,5.5,,1006.3,
2021-04-02,27.1,24.7,29.6,,,86.0,5.9,,1007.5,
2021-04-03,27.4,24.5,30.6,,,99.0,6.0,,1008.5,
2021-04-04,27.7,23.9,31.5,,,120.0,6.7,,1008.5,
2021-04-05,27.6,24.1,31.4,,,109.0,6.7,,1009.6,
2021-04-06,27.7,24.2,31.3,,,127.0,6.7,,1010.4,
2021-04-07,27.6,24.3,31.1,,,98.0,6.8,,1009.9,
2021-04-08,27.3,24.5,30.1,,,144.0,5.1,,1009.3,
2021-04-09,27.4,24.6,30.3,,,138.0,6.0,,1009.8,
2021-04-10,27.5,24.4,30.4,,,125.0,6.0,,1011.0,
2021-04-11,27.6,24.4,30.6,,,115.0,5.7,,1011.8,
2021-04-12,27.6,24.4,30.8,,,133.0,6.2,,1011.4,
2021-04-13,27.5,24.2,30.6,,,160.0,6.2,,1010.2,
2021-04-14,27.4,24.5,30.3,,,184.0,6.0,,1009.4,
2021-04-15,27.2,24.2,30.3,,,206.0,5.7,,1009.1,
2021-04-16,27.3,24.2,30.2,,,175.0,5.3,,1009.1,
2021-04-17,27.3,24.2,30.2,,,249.0,6.4,,1008.4,
2021-04-18,27.7,25.0,31.2,,,214.0,7.9,,1006.9,
2021-04-19,27.4,25.1,30.4,,,208.0,7.5,,1007.1,
2021-04-20,27.7,25.1,30.9,,,202.0,7.1,,1007.9,
2021-04-21,27.9,25.2,31.0,,,195.0,6.9,,1008.9,
2021-04-22,28.0,24.8,31.3,,,192.0,6.7,,1009.0,
2021-04-23,28.2,24.9,31.8,,,193.0,7.2,,1008.7,
2021-04-24,28.1,25.1,31.4,,,196.0,6.6,,1009.7,
2021-04-25,28.0,24.9,31.3,,,192.0,6.3,,1010.0,
2021-04-26,27.7,25.1,30.4,,,156.0,5.4,,1010.6,
2021-04-27,27.3,24.5,30.0,,,114.0,5.4,,1011.5,
2021-04-28,27.3,24.2,30.0,,,113.0,6.4,,1011.9,
2021-04-29,27.6,24.2,30.8,,,141.0,6.2,,1011.1,
2021-04-30,28.0,24.7,31.0,,,132.0,5.7,,1010.9,
2021-05-01,28.0,25.0,30.8,,,90.0,6.4,,1011.3,
2021-05-02,27.5,24.6,30.0,,,69.0,6.0,,1011.1,
2021-05-03,27.8,24.2,31.0,,,83.0,7.5,,1009.2,
2021-05-04,27.7,24.1,30.8,,,74.0,6.3,,1008.7,
2021-05-05,27.9,24.6,30.7,,,68.0,7.8,,1008.5,
2021-05-06,28.1,24.7,31.0,,,69.0,7.4,,1008.8,
2021-05-07,28.1,24.7,30.7,,,77.0,6.5,,1009.2,
2021-05-08,27.7,25.5,29.9,,,78.0,5.8,,1009.0,
2021-05-09,27.7,25.1,29.9,,,112.0,5.9,,1008.9,
2021-05-10,27.3,25.4,28.9,,,104.0,5.5,,1009.0,
2021-05-11,27.5,25.2,30.0,,,107.0,5.7,,1009.3,
2021-05-12,27.4,24.9,29.9,,,88.0,5.8,,1008.8,
2021-05-13,27.6,24.7,29.9,,,82.0,6.0,,1007.9,
2021-05-14,27.3,24.8,29.3,,,84.0,6.0,,1007.7,
2021-05-15,27.6,25.2,29.6,,,94.0,6.5,,1008.6,
2021-05-16,27.9,25.2,30.4,,,84.0,6.6,,1008.6,
2021-05-17,28.0,25.1,30.5,,,93.0,6.2,,1008.5,
2021-05-18,27.5,25.6,29.6,,,80.0,5.7,,1008.8,
2021-05-19,27.4,25.4,29.5,,,113.0,5.5,,1009.1,
2021-05-20,27.4,25.5,29.5,,,133.0,5.1,,1010.0,
2021-05-21,27.3,25.2,29.3,,,167.0,5.3,,1010.6,
2021-05-22,27.7,24.9,30.1,,,163.0,5.5,,1009.4,
2021-05-23,27.7,24.5,30.5,,,141.0,5.5,,1009.2,
2021-05-24,27.8,24.9,30.4,,,160.0,5.4,,1010.1,
2021-05-25,27.6,25.2,30.1,,,150.0,5.5,,1010.5,
2021-05-26,27.3,25.3,29.2,,,169.0,5.9,,1010.2,
2021-05-27,27.9,25.3,30.2,,,151.0,5.9,,1010.7,
2021-05-28,28.3,25.9,30.6,,,173.0,6.3,,1010.6,
2021-05-29,28.3,25.6,30.7,,,179.0,6.0,,1009.7,
2021-05-30,27.6,25.7,29.7,,,199.0,5.6,,1008.7,
2021-05-31,27.1,25.3,28.8,,,202.0,5.5,,1007.6,
2021-06-01,26.8,25.3,28.3,,,215.0,6.6,,1007.3,
2021-06-02,27.9,25.6,30.3,,,200.0,8.3,,1008.6,
2021-06-03,28.5,25.7,31.0,,,180.0,6.6,,1010.3,
2021-06-04,28.5,25.9,30.8,,,187.0,6.4,,1010.2,
2021-06-05,27.9,25.8,30.2,,,187.0,6.2,,1009.8,
2021-06-06,27.3,25.4,29.4,,,196.0,6.0,,1009.7,
2021-06-07,27.3,25.0,29.3,,,187.0,5.9,,1010.6,
2021-06-08,27.3,25.0,29.3,,,201.0,5.6,,1010.7,
2021-06-09,27.2,25.1,29.3,,,196.0,5.5,,1009.8,
2021-06-10,27.1,25.0,29.3,,,191.0,5.6,,1008.7,
2021-06-11,27.1,25.0,29.4,,,183.0,5.9,,1008.8,
2021-06-12,26.8,25.0,28.9,,,175.0,6.2,,1010.7,
2021-06-13,27.1,24.8,29.2,,,186.0,5.9,,1011.4,
2021-06-14,27.3,24.4,30.0,,,158.0,5.9,,1010.8,
2021-06-15,27.5,24.7,30.4,,,161.0,5.8,,1010.2,
2021-06-16,27.4,24.7,30.2,,,160.0,6.1,,1011.0,
2021-06-17,27.1,24.5,29.6,,,156.0,6.2,,1011.6,
2021-06-18,27.6,24.6,30.3,,,191.0,6.2,,1011.1,
2021-06-19,27.5,25.0,30.3,,,194.0,5.7,,1011.0,
2021-06-20,27.6,25.0,30.2,,,202.0,6.1,,1010.2,
2021-06-21,27.4,24.9,30.0,,,189.0,6.1,,1010.5,
2021-06-22,27.4,24.8,30.1,,,184.0,6.2,,1011.3,
2021-06-23,27.7,24.9,30.4,,,166.0,5.7,,1011.4,
2021-06-24,27.3,24.7,29.9,,,166.0,6.1,,1010.9,
2021-06-25,27.3,24.6,30.0,,,172.0,5.9,,1010.9,
2021-06-26,27.3,24.2,30.2,,,153.0,6.0,,1011.1,
2021-06-27,26.7,24.8,28.9,,,155.0,6.0,,1011.0,
2021-06-28,27.1,24.4,29.4,,,172.0,5.7,,1010.2,
2021-06-29,27.2,24.3,29.7,,,148.0,5.9,,1010.4,
2021-06-30,27.3,24.5,29.9,,,165.0,6.2,,1010.4,
2021-07-01,26.9,24.7,29.3,,,167.0,6.0,,1010.1,
2021-07-02,26.6,24.6,29.1,,,193.0,6.4,,1009.4,
2021-07-03,26.5,24.7,28.5,,,228.0,7.0,,1008.0,
2021-07-04,26.7,24.8,28.9,,,214.0,7.9,,1007.9,
2021-07-05,27.3,25.3,29.6,,,196.0,7.2,,1008.7,
2021-07-06,26.6,24.8,29.1,,,171.0,6.0,,1009.4,
2021-07-07,26.2,24.1,28.8,,,42.0,6.0,,1009.8,
2021-07-08,26.3,24.2,28.7,,,85.0,5.9,,1009.4,
2021-07-09,26.1,24.7,28.0,,,150.0,6.0,,1009.0,
2021-07-10,26.6,24.4,28.7,,,153.0,5.8,,1009.1,
2021-07-11,27.1,24.6,29.4,,,137.0,6.6,,1009.5,
2021-07-12,27.3,25.2,29.5,,,157.0,6.9,,1009.2,
2021-07-13,26.9,24.8,28.8,,,142.0,6.1,,1008.3,
2021-07-14,27.1,25.1,29.3,,,165.0,5.8,,1008.1,
2021-07-15,27.4,25.1,29.9,,,222.0,6.9,,1008.9,
2021-07-16,27.0,25.2,29.0,,,215.0,7.0,,1010.1,
2021-07-17,27.6,25.5,29.3,,,218.0,8.0,,1008.8,
2021-07-18,27.5,25.7,29.6,,,204.0,7.9,,1008.3,
2021-07-19,27.7,25.6,30.0,,,211.0,7.8,,1009.2,
2021-07-20,28.1,25.7,30.3,,,216.0,8.5,,1009.8,
2021-07-21,28.4,26.2,30.9,,,220.0,9.5,,1009.3,
2021-07-22,28.6,26.5,30.7,,,219.0,11.4,,1008.2,
2021-07-23,28.5,26.6,31.0,,,219.0,12.3,,1007.8,
2021-07-24,28.6,26.5,31.0,,,214.0,10.7,,1008.7,
2021-07-25,28.8,26.1,31.1,,,220.0,9.3,,1009.4,
2021-07-26,28.7,26.4,31.1,,,223.0,8.0,,1008.6,
2021-07-27,28.5,26.4,30.9,,,222.0,9.0,,1007.8,
2021-07-28,28.7,26.4,31.1,,,215.0,9.5,,1008.4,
2021-07-29,28.6,26.1,31.1,,,206.0,8.2,,1009.3,
2021-07-30,28.5,26.1,31.1,,,214.0,7.5,,1010.3,
2021-07-31,28.3,25.7,31.2,,,221.0,7.1,,1010.3,
2021-08-01,28.3,25.8,31.0,,,218.0,7.7,,1009.1,
2021-08-02,28.3,26.0,31.3,,,220.0,8.2,,1008.8,
2021-08-03,28.0,26.0,30.1,,,217.0,9.2,,1009.9,
2021-08-04,28.2,26.0,30.6,,,201.0,8.0,,1011.1,
2021-08-05,28.5,25.7,31.2,,,195.0,8.0,,1011.0,
2021-08-06,28.4,26.2,30.9,,,205.0,7.6,,1011.3,
2021-08-07,28.0,25.7,30.8,,,200.0,6.9,,1011.9,
2021-08-08,26.8,24.8,29.0,,,195.0,6.2,,1012.0,
2021-08-09,26.0,24.3,28.0,,,175.0,5.5,,1011.1,
2021-08-10,26.5,24.1,29.1,,,184.0,6.2,,1010.8,
2021-08-11,27.5,24.9,30.4,,,155.0,6.2,,1011.8,
2021-08-12,27.8,24.9,30.5,,,133.0,6.6,,1011.7,
2021-08-13,27.3,25.0,29.7,,,177.0,6.6,,1010.1,
2021-08-14,27.2,24.8,29.5,,,172.0,6.5,,1010.2,
2021-08-15,27.2,24.7,29.7,,,124.0,6.1,,1011.1,
2021-08-16,27.2,24.8,29.7,,,118.0,6.3,,1011.5,
2021-08-17,27.0,24.9,29.2,,,181.0,6.2,,1010.5,
2021-08-18,27.3,24.9,29.8,,,171.0,6.2,,1009.3,
2021-08-19,27.7,24.4,30.3,,,167.0,6.3,,1009.1,
2021-08-20,27.3,24.8,29.7,,,163.0,5.6,,1010.0,
2021-08-21,26.9,24.9,28.9,,,174.0,5.8,,1010.1,
2021-08-22,26.7,24.6,28.9,,,169.0,6.0,,1010.0,
2021-08-23,26.7,24.4,29.1,,,185.0,6.0,,1010.0,
2021-08-24,26.4,24.4,28.4,,,217.0,5.8,,1010.1,
2021-08-25,26.5,24.1,28.8,,,152.0,5.3,,1009.6,
2021-08-26,26.1,24.4,28.4,,,154.0,5.4,,1009.0,
2021-08-27,26.5,24.2,29.0,,,173.0,5.5,,1008.6,
2021-08-28,26.4,24.5,28.7,,,165.0,5.5,,1008.8,
2021-08-29,26.8,24.7,28.9,,,136.0,4.9,,1009.0,
2021-08-30,26.8,24.3,29.2,,,151.0,6.0,,1009.8,
2021-08-31,27.3,24.8,29.7,,,139.0,5.9,,1009.8,
2021-09-01,26.9,24.8,29.0,,,137.0,5.9,,1009.7,
2021-09-02,27.2,25.0,29.5,,,173.0,6.3,,1009.6,
2021-09-03,27.3,24.6,30.3,,,177.0,5.5,,1009.0,
2021-09-04,27.2,24.8,29.6,,,208.0,5.5,,1009.6,
2021-09-05,27.2,24.8,29.5,,,191.0,6.4,,1009.9,
2021-09-06,26.6,25.1,28.3,,,225.0,6.6,,1009.5,
2021-09-07,26.7,25.3,28.3,,,226.0,9.1,,1008.6,
2021-09-08,27.2,25.3,29.6,,,218.0,8.0,,1008.6,
2021-09-09,27.3,25.7,29.2,,,220.0,8.6,,1009.3,
2021-09-10,27.6,25.6,29.3,,,204.0,8.5,,1010.4,
2021-09-11,27.6,25.4,29.9,,,176.0,6.2,,1010.2,
2021-09-12,27.4,25.1,29.8,,,172.0,6.1,,1009.1,
2021-09-13,27.2,24.9,29.5,,,169.0,5.7,,1010.4,
2021-09-14,27.1,24.7,29.5,,,156.0,5.9,,1011.6,
2021-09-15,27.1,24.8,29.8,,,280.0,6.2,,1010.9,
2021-09-16,26.6,24.9,28.9,,,200.0,7.1,,1009.5,
2021-09-17,26.5,24.7,28.2,,,201.0,6.5,,1008.9,
2021-09-18,26.9,24.6,29.3,,,192.0,5.9,,1009.5,
2021-09-19,26.9,24.8,29.0,,,190.0,5.8,,1009.9,
2021-09-20,26.4,24.6,28.4,,,194.0,5.3,,1010.1,
2021-09-21,26.8,24.5,29.4,,,188.0,5.9,,1009.5,
2021-09-22,26.5,24.7,28.6,,,182.0,6.1,,1010.5,
2021-09-23,26.8,24.3,29.5,,,216.0,4.9,,1011.1,
2021-09-24,27.3,24.4,30.1,,,208.0,5.5,,1009.7,
2021-09-25,27.0,24.8,29.4,,,197.0,5.7,,1008.4,
2021-09-26,27.2,24.8,29.8,,,208.0,5.8,,1008.2,
2021-09-27,27.8,25.2,30.9,,,217.0,6.4,,1007.9,
2021-09-28,27.7,25.3,30.4,,,217.0,6.7,,1008.1,
2021-09-29,28.0,25.1,30.7,,,209.0,7.2,,1008.5,
2021-09-30,28.0,25.4,30.5,,,207.0,6.2,,1009.2,
2021-10-01,27.9,24.8,30.6,,,205.0,5.6,,1009.8,
2021-10-02,27.4,25.0,30.4,,,222.0,5.9,,1009.7,
2021-10-03,26.6,24.9,28.9,,,246.0,6.2,,1008.1,
2021-10-04,26.2,25.1,27.4,,,225.0,7.0,,1006.3,
2021-10-05,26.8,25.0,29.0,,,213.0,7.6,,1006.8,
2021-10-06,27.4,25.1,30.0,,,196.0,6.6,,1007.6,
2021-10-07,27.8,25.0,30.7,,,224.0,6.4,,1007.4,
2021-10-08,27.1,25.8,29.2,,,230.0,7.6,,1007.6,
2021-10-09,26.6,25.4,28.3,,,228.0,9.8,,1007.7,
2021-10-10,27.1,25.3,28.7,,,226.0,10.5,,1006.1,
2021-10-11,27.5,26.6,28.4,,,223.0,13.9,,1004.7,
2021-10-12,28.0,26.4,30.0,,,211.0,10.4,,1006.1,
2021-10-13,27.8,25.0,30.4,,,206.0,6.2,,1008.2,
2021-10-14,27.8,24.6,30.8,,,204.0,4.9,,1008.0,
2021-10-15,27.1,25.4,29.2,,,221.0,5.7,,1007.2,
2021-10-16,27.4,25.0,30.1,,,191.0,5.9,,1008.7,
2021-10-17,27.7,24.9,30.8,,,276.0,5.6,,1010.1,
2021-10-18,27.6,24.7,30.7,,,178.0,6.0,,1010.5,
2021-10-19,27.2,24.8,29.8,,,216.0,6.0,,1012.2,
2021-10-20,27.2,24.9,29.9,,,207.0,5.6,,1012.5,
2021-10-21,27.0,24.6,29.8,,,274.0,5.5,,1011.3,
2021-10-22,26.7,24.6,29.3,,,204.0,5.5,,1010.5,
2021-10-23,26.6,24.6,29.1,,,198.0,6.1,,1010.3,
2021-10-24,26.9,24.5,29.5,,,214.0,5.9,,1010.4,
2021-10-25,27.5,24.7,30.3,,,197.0,5.5,,1009.8,
2021-10-26,27.5,24.9,30.7,,,228.0,5.6,,1009.9,
2021-10-27,26.9,25.0,29.2,,,194.0,6.1,,1010.6,
2021-10-28,27.3,24.6,30.3,,,185.0,5.5,,1010.7,
2021-10-29,27.5,24.8,30.4,,,29.0,6.1,,1011.4,
2021-10-30,27.1,24.5,30.1,,,3.0,6.1,,1011.9,
2021-10-31,26.7,24.7,29.3,,,10.0,5.9,,1011.6,
2021-11-01,26.5,24.3,29.4,,,27.0,6.3,,1011.0,
2021-11-02,26.4,24.4,28.8,,,184.0,6.3,,1010.5,
2021-11-03,27.1,24.6,29.7,,,169.0,5.2,,1009.9,
2021-11-04,27.4,24.5,30.1,,,194.0,5.7,,1009.5,
2021-11-05,27.5,25.0,30.4,,,189.0,5.7,,1009.1,
2021-11-06,27.7,24.7,30.6,,,186.0,5.5,,1007.8,
2021-11-07,27.6,25.4,30.3,,,198.0,5.6,,1007.7,
2021-11-08,27.9,24.9,30.8,,,178.0,5.8,,1008.0,
2021-11-09,27.0,25.8,28.6,,,122.0,6.1,,1008.7,
2021-11-10,27.3,25.3,29.7,,,101.0,5.9,,1009.3,
2021-11-11,27.3,25.0,29.9,,,151.0,5.7,,1008.8,
2021-11-12,27.2,25.2,29.7,,,160.0,5.8,,1009.3,
2021-11-13,27.1,25.0,29.5,,,181.0,5.0,,1009.6,
2021-11-14,27.3,25.0,30.2,,,194.0,4.8,,1009.6,
2021-11-15,27.1,25.1,29.5,,,172.0,5.0,,1008.8,
2021-11-16,26.9,25.0,29.1,,,184.0,4.6,,1008.3,
2021-11-17,27.2,25.1,29.7,,,188.0,4.7,,1008.9,
2021-11-18,27.5,24.9,30.5,,,195.0,4.5,,1008.0,
2021-11-19,27.8,25.2,30.6,,,195.0,4.6,,1007.3,
2021-11-20,27.8,25.3,30.7,,,180.0,4.8,,1007.5,
2021-11-21,27.7,25.4,30.5,,,185.0,4.5,,1009.2,
2021-11-22,27.6,25.1,30.3,,,156.0,4.4,,1009.8,
2021-11-23,27.6,25.1,30.4,,,97.0,5.1,,1008.8,
2021-11-24,27.0,25.1,29.2,,,21.0,5.2,,1008.6,
2021-11-25,27.2,25.2,29.3,,,180.0,4.4,,1008.5,
2021-11-26,27.1,25.1,29.2,,,168.0,4.7,,1008.9,
2021-11-27,27.4,25.0,29.9,,,147.0,4.8,,1009.0,
2021-11-28,27.5,25.4,29.8,,,151.0,5.3,,1008.8,
2021-11-29,27.8,24.9,30.9,,,179.0,4.7,,1008.3,
2021-11-30,27.8,25.3,30.6,,,216.0,4.6,,1008.2,
2021-12-01,27.9,25.5,31.3,,,200.0,4.6,,1008.1,
2021-12-02,28.1,25.3,31.3,,,197.0,4.7,,1008.6,
2021-12-03,26.8,25.4,29.0,,,136.0,4.9,,1010.3,
2021-12-04,27.1,24.7,30.1,,,23.0,5.1,,1010.7,
2021-12-05,26.7,24.5,29.4,,,5.0,5.1,,1009.7,
2021-12-06,26.8,24.5,29.7,,,322.0,5.1,,1008.5,
2021-12-07,26.2,24.4,28.2,,,314.0,5.2,,1009.2,
2021-12-08,26.8,24.0,29.8,,,354.0,5.4,,1009.9,
2021-12-09,26.9,24.7,29.3,,,11.0,5.4,,1010.0,
2021-12-10,27.1,25.1,29.3,,,10.0,5.4,,1009.2,
2021-12-11,27.6,25.4,30.4,,,90.0,5.2,,1009.5,
2021-12-12,27.6,25.2,30.6,,,75.0,4.8,,1009.7,
2021-12-13,27.5,25.2,30.4,,,53.0,4.8,,1009.1,
2021-12-14,27.2,25.4,29.7,,,30.0,5.8,,1009.0,
2021-12-15,26.7,24.0,29.6,,,355.0,5.8,,1008.0,
2021-12-16,25.7,24.3,26.5,,,277.0,10.1,,1004.4,
2021-12-17,27.9,26.0,30.6,,,197.0,10.1,,1005.7,
2021-12-18,28.1,25.7,31.3,,,169.0,5.9,,1009.3,
2021-12-19,27.7,25.4,30.3,,,88.0,5.3,,1010.8,
2021-12-20,27.6,25.1,30.7,,,60.0,4.9,,1011.7,
2021-12-21,26.7,24.0,29.5,,,56.0,4.8,,1011.8,
2021-12-22,26.7,24.2,29.6,,,79.0,5.0,,1011.3,
2021-12-23,26.7,24.3,29.8,,,99.0,5.2,,1010.5,
2021-12-24,26.6,24.1,29.5,,,19.0,4.9,,1010.3,
2021-12-25,26.8,24.7,29.1,,,12.0,5.4,,1010.8,
2021-12-26,26.9,24.1,30.2,,,104.0,4.9,,1011.3,
2021-12-27,26.6,24.7,28.7,,,42.0,5.6,,1011.9,
2021-12-28,25.9,24.5,27.7,,,47.0,5.4,,1012.2,
2021-12-29,25.6,24.3,27.0,,,30.0,6.2,,1012.1,
2021-12-30,26.1,24.3,28.0,,,31.0,6.9,,1011.9,
2021-12-31,25.9,24.6,27.5,,,28.0,6.2,,1012.1,
2022-01-01,26.1,24.5,28.2,,,32.0,6.9,,1012.1,
2022-01-02,25.8,24.5,27.3,,,47.0,6.6,,1011.5,
2022-01-03,26.3,24.5,28.4,,,33.0,6.0,,1011.4,
2022-01-04,26.5,24.6,29.1,,,35.0,5.8,,1012.0,
2022-01-05,26.8,24.4,29.8,,,43.0,6.2,,1011.7,
2022-01-06,26.8,24.7,29.2,,,21.0,5.8,,1011.6,
2022-01-07,26.8,23.8,30.4,,,44.0,5.5,,1012.1,
2022-01-08,27.0,24.1,30.3,,,28.0,4.9,,1011.6,
2022-01-09,27.0,24.7,29.9,,,86.0,4.6,,1011.0,
2022-01-10,27.4,24.7,30.9,,,133.0,4.7,,1010.8,
2022-01-11,27.6,24.9,31.1,,,157.0,4.8,,1011.3,
2022-01-12,26.7,24.7,29.3,,,30.0,4.8,,1011.5,
2022-01-13,26.1,24.5,27.9,,,19.0,4.7,,1012.0,
2022-01-14,25.9,24.2,28.1,,,41.0,6.2,,1012.3,
2022-01-15,25.3,23.3,27.7,,,29.0,5.5,,1012.5,
2022-01-16,25.2,24.0,26.6,,,20.0,5.7,,1012.4,
2022-01-17,25.6,24.1,27.3,,,27.0,5.9,,1011.7,
2022-01-18,26.1,24.3,28.6,,,24.0,6.0,,1010.4,
2022-01-19,26.8,24.1,30.0,,,92.0,5.9,,1009.0,
2022-01-20,26.9,24.3,30.0,,,71.0,5.3,,1008.9,
2022-01-21,26.9,23.8,29.8,,,81.0,5.4,,1010.0,
2022-01-22,26.6,24.4,28.7,,,116.0,5.3,,1010.1,
2022-01-23,26.4,24.7,28.3,,,34.0,4.9,,1009.2,
2022-01-24,26.0,24.3,27.8,,,9.0,5.3,,1007.9,
2022-01-25,26.1,24.7,27.6,,,346.0,5.4,,1007.0,
2022-01-26,27.2,25.0,29.9,,,167.0,5.2,,1008.1,
2022-01-27,27.1,25.1,29.4,,,167.0,5.5,,1009.8,
2022-01-28,27.1,24.9,29.4,,,156.0,4.8,,1010.6,
2022-01-29,27.4,24.6,30.6,,,175.0,5.0,,1010.4,
2022-01-30,27.4,24.6,30.8,,,183.0,4.9,,1010.5,
2022-01-31,27.3,24.8,30.5,,,79.0,5.3,,1010.8,
2022-02-01,27.0,24.4,30.0,,,65.0,5.8,,1011.1,
2022-02-02,26.9,24.5,30.0,,,38.0,6.2,,1011.0,
2022-02-03,26.1,23.9,28.7,,,27.0,5.5,,1010.6,
2022-02-04,26.0,24.3,28.0,,,41.0,5.6,,1009.9,
2022-02-05,27.0,24.4,30.1,,,53.0,6.6,,1010.3,
2022-02-06,27.3,24.9,30.4,,,46.0,7.1,,1010.7,
2022-02-07,27.3,24.5,30.7,,,52.0,6.9,,1010.7,
2022-02-08,26.7,24.6,28.7,,,2.0,6.1,,1010.6,
2022-02-09,26.7,24.8,28.8,,,34.0,5.7,,1010.5,
2022-02-10,26.6,25.0,28.5,,,39.0,5.8,,1009.6,
2022-02-11,27.0,25.3,29.4,,,76.0,5.5,,1008.9,
2022-02-12,27.1,25.2,29.6,,,77.0,5.5,,1008.5,
2022-02-13,27.1,24.3,30.0,,,111.0,5.9,,1008.9,
2022-02-14,26.8,23.7,29.9,,,101.0,5.2,,1009.4,
2022-02-15,26.8,24.4,29.9,,,82.0,5.1,,1009.5,
2022-02-16,26.8,24.1,30.1,,,95.0,5.4,,1008.5,
2022-02-17,26.6,23.3,30.4,,,80.0,5.4,,1008.5,
2022-02-18,26.2,23.3,28.9,,,66.0,5.4,,1009.3,
2022-02-19,26.5,24.5,28.8,,,37.0,4.9,,1009.4,
2022-02-20,25.9,24.0,28.1,,,24.0,4.7,,1009.7,
2022-02-21,26.0,24.0,28.7,,,46.0,5.3,,1010.3,
2022-02-22,26.0,23.2,28.9,,,71.0,5.3,,1011.2,
2022-02-23,26.4,23.1,30.1,,,65.0,5.8,,1012.0,
2022-02-24,26.0,23.7,28.5,,,29.0,5.5,,1012.5,
2022-02-25,25.7,24.0,27.9,,,38.0,5.7,,1012.5,
2022-02-26,26.0,23.8,28.3,,,45.0,6.1,,1011.6,
2022-02-27,26.2,24.2,28.4,,,30.0,6.1,,1011.0,
2022-02-28,26.3,24.5,28.4,,,47.0,6.2,,1011.1,
2022-03-01,26.7,24.3,29.5,,,67.0,6.2,,1010.8,
2022-03-02,26.7,24.1,29.3,,,59.0,6.2,,1010.4,
2022-03-03,26.8,24.5,29.2,,,62.0,5.7,,1010.4,
2022-03-04,26.9,24.0,29.9,,,77.0,5.8,,1010.0,
2022-03-05,26.7,24.5,29.3,,,28.0,5.2,,1009.1,
2022-03-06,25.8,24.5,27.5,,,10.0,5.3,,1008.9,
2022-03-07,25.9,24.1,28.0,,,20.0,6.0,,1008.1,
2022-03-08,26.0,24.1,28.2,,,31.0,5.8,,1007.3,
2022-03-09,26.3,24.3,28.6,,,46.0,5.8,,1008.0,
2022-03-10,26.8,24.7,29.3,,,100.0,5.7,,1008.5,
2022-03-11,26.9,24.5,29.4,,,114.0,5.4,,1008.0,
2022-03-12,26.9,24.5,29.4,,,107.0,5.3,,1008.0,
2022-03-13,27.0,24.4,29.8,,,98.0,5.6,,1008.4,
2022-03-14,27.0,24.6,29.6,,,122.0,5.3,,1008.4,
2022-03-15,27.0,24.4,29.7,,,119.0,5.4,,1007.7,
2022-03-16,27.0,24.4,29.6,,,77.0,4.9,,1007.8,
2022-03-17,27.3,24.4,30.2,,,84.0,5.5,,1008.0,
2022-03-18,27.5,24.5,30.5,,,106.0,5.6,,1007.6,
2022-03-19,27.6,24.5,30.7,,,104.0,5.7,,1007.4,
2022-03-20,26.9,24.4,29.4,,,58.0,5.9,,1009.0,
2022-03-21,26.8,24.4,29.2,,,76.0,5.9,,1010.7,
2022-03-22,27.3,24.3,30.1,,,89.0,6.2,,1010.9,
2022-03-23,27.4,24.1,30.8,,,101.0,6.2,,1010.5,
2022-03-24,27.3,24.3,30.0,,,99.0,6.3,,1010.4,
2022-03-25,27.1,23.9,30.2,,,83.0,6.1,,1010.9,
2022-03-26,26.7,23.6,29.7,,,80.0,6.0,,1011.0,
2022-03-27,26.1,24.4,27.7,,,39.0,6.1,,1010.6,
2022-03-28,26.3,24.1,28.5,,,70.0,5.9,,1010.1,
2022-03-29,27.2,23.9,30.3,,,106.0,6.3,,1010.5,
2022-03-30,27.3,23.6,30.6,,,99.0,6.2,,1010.7,
2022-03-31,27.2,24.1,30.3,,,83.0,6.1,,1010.6,
2022-04-01,27.0,24.3,29.9,,,30.0,6.4,,1010.0,
2022-04-02,26.3,23.9,29.3,,,29.0,5.8,,1009.7,
2022-04-03,26.2,24.0,28.2,,,68.0,5.6,,1009.5,
2022-04-04,26.8,24.2,29.5,,,52.0,5.8,,1010.0,
2022-04-05,25.7,24.2,27.4,,,11.0,6.6,,1009.7,
2022-04-06,25.7,24.4,26.9,,,14.0,6.4,,1008.1,
2022-04-07,25.9,24.1,27.8,,,309.0,5.0,,1007.1,
2022-04-08,26.1,24.4,28.2,,,209.0,4.9,,1006.3,
2022-04-09,26.3,24.3,28.6,,,235.0,5.1,,1006.3,
2022-04-10,26.6,24.4,29.3,,,222.0,6.6,,1006.3,
2022-04-11,26.9,24.9,29.6,,,213.0,5.9,,1005.8,
2022-04-12,26.8,24.9,29.4,,,220.0,6.7,,1005.7,
2022-04-13,27.2,24.9,30.3,,,199.0,6.1,,1006.2,
2022-04-14,27.3,24.3,30.7,,,199.0,6.2,,1007.5,
2022-04-15,27.7,24.6,31.2,,,176.0,6.6,,1008.4,
2022-04-16,27.5,24.4,30.9,,,144.0,5.7,,1008.7,
2022-04-17,27.2,24.6,29.9,,,106.0,5.5,,1009.5,
2022-04-18,27.2,24.3,29.9,,,80.0,6.1,,1009.8,
2022-04-19,27.1,24.4,29.6,,,75.0,6.2,,1009.8,
2022-04-20,27.2,24.6,29.4,,,87.0,6.5,,1009.9,
2022-04-21,27.3,24.5,29.9,,,85.0,6.2,,1010.0,
2022-04-22,27.7,24.4,31.0,,,90.0,6.5,,1009.8,
2022-04-23,27.8,24.6,31.0,,,107.0,6.1,,1009.4,
2022-04-24,27.6,24.5,30.5,,,106.0,5.9,,1008.4,
2022-04-25,27.7,24.6,30.3,,,47.0,6.2,,1007.8,
2022-04-26,27.5,25.7,30.1,,,36.0,5.9,,1007.6,
2022-04-27,27.1,24.9,29.4,,,81.0,5.9,,1007.7,
2022-04-28,27.0,24.8,29.0,,,102.0,5.7,,1009.2,
2022-04-29,26.9,24.8,29.1,,,101.0,6.2,,1009.9,
2022-04-30,27.3,24.6,29.8,,,100.0,5.5,,1009.7,
2022-05-01,27.2,24.4,29.5,,,79.0,6.1,,1008.5,
2022-05-02,27.3,24.6,29.7,,,96.0,5.8,,1008.1,
2022-05-03,26.9,25.0,28.7,,,61.0,5.4,,1008.9,
2022-05-04,27.3,24.8,29.7,,,83.0,6.1,,1008.6,
2022-05-05,27.4,25.0,29.7,,,87.0,5.9,,1009.0,
2022-05-06,27.8,24.5,30.9,,,96.0,6.6,,1008.6,
2022-05-07,27.6,24.4,30.1,,,74.0,7.6,,1008.3,
2022-05-08,27.6,25.1,29.7,,,65.0,6.2,,1008.1,
2022-05-09,27.6,25.7,29.6,,,75.0,6.8,,1008.1,
2022-05-10,27.7,25.5,29.8,,,103.0,6.1,,1008.7,
2022-05-11,27.7,25.4,30.0,,,101.0,5.6,,1009.2,
2022-05-12,27.9,25.1,30.3,,,101.0,6.5,,1008.5,
2022-05-13,27.5,25.2,29.7,,,140.0,6.0,,1009.4,
2022-05-14,27.4,25.3,29.5,,,146.0,5.8,,1010.9,
2022-05-15,27.4,25.3,29.6,,,139.0,6.2,,1011.2,
2022-05-16,27.7,25.0,30.3,,,119.0,6.2,,1010.3,
2022-05-17,27.6,24.9,30.2,,,116.0,6.0,,1010.7,
2022-05-18,27.7,24.9,30.4,,,110.0,5.9,,1011.7,
2022-05-19,27.9,24.6,30.6,,,112.0,6.2,,1011.5,
2022-05-20,27.7,24.7,30.4,,,140.0,6.2,,1010.2,
2022-05-21,27.6,24.8,30.3,,,147.0,5.3,,1009.4,
2022-05-22,27.5,24.9,30.2,,,160.0,5.4,,1008.9,
2022-05-23,27.5,24.6,30.4,,,162.0,5.3,,1009.6,
2022-05-24,27.9,24.7,30.5,,,121.0,5.8,,1010.8,
2022-05-25,28.3,25.4,31.0,,,113.0,6.2,,1009.8,
2022-05-26,28.0,25.5,30.4,,,113.0,7.2,,1008.6,
2022-05-27,27.7,25.0,29.6,,,144.0,7.8,,1009.1,
2022-05-28,28.1,25.8,30.5,,,148.0,7.8,,1009.5,
2022-05-29,27.9,25.4,30.3,,,162.0,7.3,,1009.4,
2022-05-30,28.0,25.2,30.5,,,139.0,5.8,,1008.5,
2022-05-31,28.0,25.2,30.6,,,131.0,5.5,,1008.6,
2022-06-01,28.0,25.4,30.4,,,122.0,5.5,,1009.5,
2022-06-02,28.1,25.3,30.6,,,109.0,5.7,,1009.7,
2022-06-03,,,,,,,,,,
2022-06-04,,,,,,,,,,
2022-06-05,,,,,,,,,,
2022-06-06,,,,,,,,,,
2022-06-07,,,,,,,,,,
2022-06-08,,,,,,,,,,
2022-06-09,,,,,,,,,,
2022-06-10,,,,,,,,,,
2022-06-11,,,,,,,,,,
2022-06-12,,,,,,,,,,
2022-06-13,,,,,,,,,,
2022-06-14,,,,,,,,,,
2022-06-15,27.5,24.6,30.5,,,115.0,5.4,,1010.6,
2022-06-16,27.5,25.0,30.5,,,78.0,5.5,,1010.0,
2022-06-17,27.2,24.6,29.9,,,116.0,5.6,,1009.3,
2022-06-18,27.3,24.5,30.0,,,143.0,5.5,,1009.2,
2022-06-19,27.0,24.6,29.8,,,156.0,5.8,,1009.2,
2022-06-20,26.6,24.6,28.8,,,188.0,5.8,,1008.0,
2022-06-21,26.6,24.6,28.8,,,174.0,5.5,,1008.0,
2022-06-22,27.1,24.2,29.8,,,158.0,5.1,,1009.5,
